Bloom_Longitude,Case_ID,Case_Start_Date,Case_Year,Case_Water_Body_Name,Case_Class,Case_Status,Case_Lead,Case_End_Date,Case_Assignment,Bloom_Report_ID,Number_of_Blooms_Linked_to_Case,Report_Type,Water_Body_Name,Official_Water_Body_Name,Landmark,County,Regional_Water_Board,Bloom_Latitude,Bloom_Datum,Observation_Date,Has_Pictures,Number_of_Attachments_Linked_to_Bloom,Reported_Advisory_Types,Weather_Condition,Surface_Water_Condition,Bloom_Size,Bloom_Location,Bloom_Texture,Reported_Management_Organizations,DDW_District_Office,Drinking_Water_Source,Water_Body_Manager,Rec_Land_Manager,Water_Body_Use,Water_Body_Type,Number_of_Advisories_Linked_to_Case,Advisory_ID,Response_Update_By,Advisory_Recommended,Advisory_Date,Advisory_Date_of_Recommendation,Spatial_Extent_of_Advisory,Extent_Unit_of_Measure,Lab_Data_Linked_to_Case,Field_Measurement_Data_Linked_to_Case,Display_Advisory_To_Map,Advisory_Start_Date,Advisory_End_Date,Advisory_Detail,Field_Visual_Records_Linked_to_Case,Case_DateTimeStamp
-121.7879,69,1/1/2016 12:00:00 AM,2016,California Park Lake,Event Response,Closed,MVan Dyke,12/31/2016 12:00:00 AM,,1414,1,,California Park Lake,,Upper California Park Lake,Butte,Region 5 - Central Valley,39.753166,,4/24/2016 12:00:00 AM,No,,Danger,,,,,,,,no,Community HOA,Community HOA,Dog walking,Reservoir,1,65,marisa.vandyke@waterboards.ca.gov,Danger,4/30/2016 12:00:00 AM,4/30/2016 12:00:00 AM,,,NO,YES,Yes,4/30/2016 12:00:00 AM,,,NO,12/31/2016 12:00:00 AM
-121.80568,47,1/1/2016 12:00:00 AM,2016,San Joaquin River,Event Response,Closed,MVan Dyke,12/31/2016 12:00:00 AM,,1415,1,,San Joaquin River,Stockton Deep Water Channel,San Joaquin River (Stockton Deep Water Ship Channel),San Joaquin,Region 5 - Central Valley,38.018501,,6/2/2016 12:00:00 AM,No,,Caution,,,,,,,,unknown,Local Port,Local Port,,Wadeable stream,1,46,,Caution,9/9/2016 12:00:00 AM,9/9/2016 12:00:00 AM,,,NO,YES,Yes,6/6/2016 12:00:00 AM,,,NO,12/31/2016 12:00:00 AM
-122.02478,54,1/1/2016 12:00:00 AM,2016,Shasta Lake,Event Response,Closed,MVan Dyke,12/31/2016 12:00:00 AM,,1416,1,,Shasta Lake,,Shasta Lake/Pit River Arm,Shasta,Region 5 - Central Valley,40.822311,,7/5/2016 12:00:00 AM,No,,Caution,,,,,,Region 5 CVRWQCB,,unknown,Unknown,United States Forest Service,,Reservoir,1,53,,Caution,9/9/2016 12:00:00 AM,9/9/2016 12:00:00 AM,,,NO,YES,Yes,7/12/2016 12:00:00 AM,,,NO,12/31/2016 12:00:00 AM
-118.76556,35,1/1/2016 12:00:00 AM,2016,Pyramid Lake,Event Response,Closed,MVan Dyke,12/31/2016 12:00:00 AM,,1417,1,,Pyramid Lake,Pyramid Lake,Pyramid Lake,Los Angeles,Region 4 - Los Angeles,34.662758,,7/6/2016 12:00:00 AM,No,,None,,,,,,DWR,,no,California Department of Water Resources,California Department of Water Resources,,Reservoir,1,16,,None,10/12/2016 12:00:00 AM,10/12/2016 12:00:00 AM,,,NO,YES,Yes,7/14/2016 12:00:00 AM,,,NO,12/31/2016 12:00:00 AM
-121.64647,60,1/1/2016 12:00:00 AM,2016,Lake Britton,Event Response,Closed,MVan Dyke,12/31/2016 12:00:00 AM,,1420,1,,Lake Britton,,,Shasta,Region 5 - Central Valley,41.02986,,7/22/2016 12:00:00 AM,No,,None,,,,,,Central Valley Water Board,,unknown,Pacific Gas and Electric,Pacific Gas and Electric,,Reservoir,1,58,,None,9/9/2016 12:00:00 AM,9/9/2016 12:00:00 AM,,,NO,YES,Yes,7/28/2016 12:00:00 AM,,,NO,12/31/2016 12:00:00 AM
-122.77924,37,1/1/2016 12:00:00 AM,2016,Clear Lake,Event Response,Closed,MVan Dyke,12/31/2016 12:00:00 AM,,1421,1,,Clear Lake,Clear Lake,Clear Lake,Lake,Region 5 - Central Valley,39.0235,,6/19/2016 12:00:00 AM,No,,None,,,,,,Central Valley Water Board,,yes,Private entity,County Environmental Health Department,,Reservoir,1,18,,None,,,,,NO,YES,Yes,7/28/2016 12:00:00 AM,,,NO,12/31/2016 12:00:00 AM
-121.41005,42,1/1/2016 12:00:00 AM,2016,Lake Oroville,Event Response,Closed,MVan Dyke,12/31/2016 12:00:00 AM,,1422,1,,Lake Oroville,Lake Oroville,Lake Oroville,Butte,Region 5 - Central Valley,39.557213,,7/26/2016 12:00:00 AM,No,,None,,,,,,Central Valley Water Board,,unknown,California Department of Water Resources,California Department of Water Resources,,Reservoir,1,24,,None,9/9/2016 12:00:00 AM,9/9/2016 12:00:00 AM,,,NO,YES,Yes,7/28/2016 12:00:00 AM,,,NO,12/31/2016 12:00:00 AM
-121.84425,25,1/1/2016 12:00:00 AM,2016,Arroyo Del Valle,Event Response,Closed,MVan Dyke,12/31/2016 12:00:00 AM,,1425,1,Public Reporting,Arroyo Valle,Arroyo del Valle,Arroyo Valle upstream of Shadow Cliffs Regional Park,Alameda,Region 2 - San Francisco Bay,37.6684618,,6/1/2016 12:00:00 AM,No,,None,,,,,,East Bay Regional Parks,,,East Bay Regional Park District,East Bay Regional Park District,,Wadeable stream,1,6,,None,4/11/2017 12:00:00 AM,4/11/2017 12:00:00 AM,,,NO,YES,Yes,6/1/2016 12:00:00 AM,,,NO,12/31/2016 12:00:00 AM
-121.70371,26,1/1/2016 12:00:00 AM,2016,Lake Del Valle,Event Response,Closed,MVan Dyke,12/31/2016 12:00:00 AM,,1507,2,,Lake Del Valle,Del Valle Reservoir,Lake Del Valle,Alameda,Region 2 - San Francisco Bay,37.586436,,12/5/2016 12:00:00 AM,No,,Danger,,,no bloom,,,East Bay Regional Park District,,Yes,Other,East Bay Regional Park District,,Reservoir,1,8,,Danger,8/31/2017 12:00:00 AM,8/31/2017 12:00:00 AM,,,NO,YES,Yes,12/9/2016 12:00:00 AM,,,NO,12/31/2016 12:00:00 AM
